workerID,taskID,response,goldLabel,taskContent
A1AVJRFM6L0RN8,594,25,37,outcri n korea 'nuclear test
ADAGUJNWMEPT6,594,80,37,outcri n korea 'nuclear test
A1LY3NJTYW9TFF,594,5,37,outcri n korea 'nuclear test
A14WWG6NKBDWGP,594,30,37,outcri n korea 'nuclear test
A1VYRD3HO2WDUN,594,20,37,outcri n korea 'nuclear test
A1XUURRBT9RYFW,594,10,37,outcri n korea 'nuclear test
A1M0SEWUJYX9K0,594,60,37,outcri n korea 'nuclear test
A2KBTYNGUFRB9N,594,80,37,outcri n korea 'nuclear test
A3POYFULMTNW1H,594,25,37,outcri n korea 'nuclear test
ARQ4J4TLTPBNC,594,100,37,outcri n korea 'nuclear test
A1AVJRFM6L0RN8,582,0,48,isra retali attack lebanes armi
ADAGUJNWMEPT6,582,5,48,isra retali attack lebanes armi
A1LY3NJTYW9TFF,582,0,48,isra retali attack lebanes armi
A14WWG6NKBDWGP,582,50,48,isra retali attack lebanes armi
A1VYRD3HO2WDUN,582,0,48,isra retali attack lebanes armi
A1XUURRBT9RYFW,582,10,48,isra retali attack lebanes armi
A1M0SEWUJYX9K0,582,75,48,isra retali attack lebanes armi
A2KBTYNGUFRB9N,582,50,48,isra retali attack lebanes armi
A3POYFULMTNW1H,582,0,48,isra retali attack lebanes armi
ARQ4J4TLTPBNC,582,100,48,isra retali attack lebanes armi
A1AVJRFM6L0RN8,593,0,0,studi men 's sweat trigger high sexual arous women
ADAGUJNWMEPT6,593,0,0,studi men 's sweat trigger high sexual arous women
A1LY3NJTYW9TFF,593,0,0,studi men 's sweat trigger high sexual arous women
A14WWG6NKBDWGP,593,0,0,studi men 's sweat trigger high sexual arous women
A1VYRD3HO2WDUN,593,0,0,studi men 's sweat trigger high sexual arous women
A1XUURRBT9RYFW,593,0,0,studi men 's sweat trigger high sexual arous women
A1M0SEWUJYX9K0,593,0,0,studi men 's sweat trigger high sexual arous women
A2KBTYNGUFRB9N,593,0,0,studi men 's sweat trigger high sexual arous women
A3POYFULMTNW1H,593,0,0,studi men 's sweat trigger high sexual arous women
ARQ4J4TLTPBNC,593,0,0,studi men 's sweat trigger high sexual arous women
A1AVJRFM6L0RN8,592,0,0,palestinian faction resum talk
ADAGUJNWMEPT6,592,0,0,palestinian faction resum talk
A1LY3NJTYW9TFF,592,10,0,palestinian faction resum talk
A14WWG6NKBDWGP,592,0,0,palestinian faction resum talk
A1VYRD3HO2WDUN,592,0,0,palestinian faction resum talk
A1XUURRBT9RYFW,592,0,0,palestinian faction resum talk
A1M0SEWUJYX9K0,592,0,0,palestinian faction resum talk
A2KBTYNGUFRB9N,592,0,0,palestinian faction resum talk
A3POYFULMTNW1H,592,0,0,palestinian faction resum talk
ARQ4J4TLTPBNC,592,0,0,palestinian faction resum talk
A1AVJRFM6L0RN8,581,0,49,sharehold sue appl
ADAGUJNWMEPT6,581,0,49,sharehold sue appl
A1LY3NJTYW9TFF,581,40,49,sharehold sue appl
A14WWG6NKBDWGP,581,50,49,sharehold sue appl
A1VYRD3HO2WDUN,581,0,49,sharehold sue appl
A1XUURRBT9RYFW,581,0,49,sharehold sue appl
A1M0SEWUJYX9K0,581,25,49,sharehold sue appl
A2KBTYNGUFRB9N,581,20,49,sharehold sue appl
A3POYFULMTNW1H,581,0,49,sharehold sue appl
ARQ4J4TLTPBNC,581,0,49,sharehold sue appl
A1AVJRFM6L0RN8,591,75,52,iran say strike us interest attack
ADAGUJNWMEPT6,591,50,52,iran say strike us interest attack
A1LY3NJTYW9TFF,591,20,52,iran say strike us interest attack
A14WWG6NKBDWGP,591,40,52,iran say strike us interest attack
A1VYRD3HO2WDUN,591,0,52,iran say strike us interest attack
A1XUURRBT9RYFW,591,5,52,iran say strike us interest attack
A1M0SEWUJYX9K0,591,80,52,iran say strike us interest attack
A2KBTYNGUFRB9N,591,90,52,iran say strike us interest attack
A3POYFULMTNW1H,591,95,52,iran say strike us interest attack
ARQ4J4TLTPBNC,591,100,52,iran say strike us interest attack
A1AVJRFM6L0RN8,580,0,0,bananaconda inventor top poet kid
ADAGUJNWMEPT6,580,0,0,bananaconda inventor top poet kid
A1LY3NJTYW9TFF,580,0,0,bananaconda inventor top poet kid
A14WWG6NKBDWGP,580,0,0,bananaconda inventor top poet kid
A1VYRD3HO2WDUN,580,0,0,bananaconda inventor top poet kid
A1XUURRBT9RYFW,580,0,0,bananaconda inventor top poet kid
A1M0SEWUJYX9K0,580,0,0,bananaconda inventor top poet kid
A2KBTYNGUFRB9N,580,0,0,bananaconda inventor top poet kid
A3POYFULMTNW1H,580,0,0,bananaconda inventor top poet kid
ARQ4J4TLTPBNC,580,0,0,bananaconda inventor top poet kid
A1AVJRFM6L0RN8,590,0,7,ice storm smack road power
ADAGUJNWMEPT6,590,5,7,ice storm smack road power
A1LY3NJTYW9TFF,590,0,7,ice storm smack road power
A14WWG6NKBDWGP,590,20,7,ice storm smack road power
A1VYRD3HO2WDUN,590,0,7,ice storm smack road power
A1XUURRBT9RYFW,590,0,7,ice storm smack road power
A1M0SEWUJYX9K0,590,0,7,ice storm smack road power
A2KBTYNGUFRB9N,590,0,7,ice storm smack road power
A3POYFULMTNW1H,590,0,7,ice storm smack road power
ARQ4J4TLTPBNC,590,0,7,ice storm smack road power
A1AVJRFM6L0RN8,589,0,23,walter trump 'poor pathet man
ADAGUJNWMEPT6,589,0,23,walter trump 'poor pathet man
A1LY3NJTYW9TFF,589,30,23,walter trump 'poor pathet man
A14WWG6NKBDWGP,589,10,23,walter trump 'poor pathet man
A1VYRD3HO2WDUN,589,0,23,walter trump 'poor pathet man
A1XUURRBT9RYFW,589,0,23,walter trump 'poor pathet man
A1M0SEWUJYX9K0,589,0,23,walter trump 'poor pathet man
A2KBTYNGUFRB9N,589,0,23,walter trump 'poor pathet man
A3POYFULMTNW1H,589,35,23,walter trump 'poor pathet man
ARQ4J4TLTPBNC,589,0,23,walter trump 'poor pathet man
A1AVJRFM6L0RN8,588,0,2,queen battl bond bafta
ADAGUJNWMEPT6,588,0,2,queen battl bond bafta
A1LY3NJTYW9TFF,588,0,2,queen battl bond bafta
A14WWG6NKBDWGP,588,0,2,queen battl bond bafta
A1VYRD3HO2WDUN,588,0,2,queen battl bond bafta
A1XUURRBT9RYFW,588,0,2,queen battl bond bafta
A1M0SEWUJYX9K0,588,0,2,queen battl bond bafta
A2KBTYNGUFRB9N,588,0,2,queen battl bond bafta
A3POYFULMTNW1H,588,0,2,queen battl bond bafta
ARQ4J4TLTPBNC,588,0,2,queen battl bond bafta
A1AVJRFM6L0RN8,599,0,0,updat world 's top stori
ADAGUJNWMEPT6,599,0,0,updat world 's top stori
A1LY3NJTYW9TFF,599,0,0,updat world 's top stori
A14WWG6NKBDWGP,599,0,0,updat world 's top stori
A1VYRD3HO2WDUN,599,0,0,updat world 's top stori
A1XUURRBT9RYFW,599,0,0,updat world 's top stori
A1M0SEWUJYX9K0,599,0,0,updat world 's top stori
A2KBTYNGUFRB9N,599,0,0,updat world 's top stori
A3POYFULMTNW1H,599,2,0,updat world 's top stori
ARQ4J4TLTPBNC,599,40,0,updat world 's top stori
A1AVJRFM6L0RN8,598,25,0,take plung
ADAGUJNWMEPT6,598,0,0,take plung
A1LY3NJTYW9TFF,598,0,0,take plung
A14WWG6NKBDWGP,598,0,0,take plung
A1VYRD3HO2WDUN,598,0,0,take plung
A1XUURRBT9RYFW,598,0,0,take plung
A1M0SEWUJYX9K0,598,0,0,take plung
A2KBTYNGUFRB9N,598,0,0,take plung
A3POYFULMTNW1H,598,0,0,take plung
ARQ4J4TLTPBNC,598,0,0,take plung
A1AVJRFM6L0RN8,587,0,0,sleep healthier slimmer children
ADAGUJNWMEPT6,587,0,0,sleep healthier slimmer children
A1LY3NJTYW9TFF,587,0,0,sleep healthier slimmer children
A14WWG6NKBDWGP,587,0,0,sleep healthier slimmer children
A1VYRD3HO2WDUN,587,0,0,sleep healthier slimmer children
A1XUURRBT9RYFW,587,0,0,sleep healthier slimmer children
A1M0SEWUJYX9K0,587,0,0,sleep healthier slimmer children
A2KBTYNGUFRB9N,587,0,0,sleep healthier slimmer children
A3POYFULMTNW1H,587,0,0,sleep healthier slimmer children
ARQ4J4TLTPBNC,587,0,0,sleep healthier slimmer children
A1AVJRFM6L0RN8,597,0,0,stenson defend titl dubai
ADAGUJNWMEPT6,597,0,0,stenson defend titl dubai
A1LY3NJTYW9TFF,597,0,0,stenson defend titl dubai
A14WWG6NKBDWGP,597,0,0,stenson defend titl dubai
A1VYRD3HO2WDUN,597,0,0,stenson defend titl dubai
A1XUURRBT9RYFW,597,0,0,stenson defend titl dubai
A1M0SEWUJYX9K0,597,0,0,stenson defend titl dubai
A2KBTYNGUFRB9N,597,0,0,stenson defend titl dubai
A3POYFULMTNW1H,597,0,0,stenson defend titl dubai
ARQ4J4TLTPBNC,597,0,0,stenson defend titl dubai
A1AVJRFM6L0RN8,586,0,0,visitor eiffel tower climb record num4
ADAGUJNWMEPT6,586,0,0,visitor eiffel tower climb record num4
A1LY3NJTYW9TFF,586,0,0,visitor eiffel tower climb record num4
A14WWG6NKBDWGP,586,0,0,visitor eiffel tower climb record num4
A1VYRD3HO2WDUN,586,0,0,visitor eiffel tower climb record num4
A1XUURRBT9RYFW,586,0,0,visitor eiffel tower climb record num4
A1M0SEWUJYX9K0,586,0,0,visitor eiffel tower climb record num4
A2KBTYNGUFRB9N,586,0,0,visitor eiffel tower climb record num4
A3POYFULMTNW1H,586,0,0,visitor eiffel tower climb record num4
ARQ4J4TLTPBNC,586,0,0,visitor eiffel tower climb record num4
A1AVJRFM6L0RN8,585,80,2,bath mom awak find babi dead
ADAGUJNWMEPT6,585,15,2,bath mom awak find babi dead
A1LY3NJTYW9TFF,585,0,2,bath mom awak find babi dead
A14WWG6NKBDWGP,585,60,2,bath mom awak find babi dead
A1VYRD3HO2WDUN,585,50,2,bath mom awak find babi dead
A1XUURRBT9RYFW,585,10,2,bath mom awak find babi dead
A1M0SEWUJYX9K0,585,90,2,bath mom awak find babi dead
A2KBTYNGUFRB9N,585,85,2,bath mom awak find babi dead
A3POYFULMTNW1H,585,90,2,bath mom awak find babi dead
ARQ4J4TLTPBNC,585,0,2,bath mom awak find babi dead
A1AVJRFM6L0RN8,596,0,0,archaeologist find remain coupl lock hug
ADAGUJNWMEPT6,596,5,0,archaeologist find remain coupl lock hug
A1LY3NJTYW9TFF,596,0,0,archaeologist find remain coupl lock hug
A14WWG6NKBDWGP,596,0,0,archaeologist find remain coupl lock hug
A1VYRD3HO2WDUN,596,0,0,archaeologist find remain coupl lock hug
A1XUURRBT9RYFW,596,0,0,archaeologist find remain coupl lock hug
A1M0SEWUJYX9K0,596,0,0,archaeologist find remain coupl lock hug
A2KBTYNGUFRB9N,596,0,0,archaeologist find remain coupl lock hug
A3POYFULMTNW1H,596,0,0,archaeologist find remain coupl lock hug
ARQ4J4TLTPBNC,596,0,0,archaeologist find remain coupl lock hug
A1AVJRFM6L0RN8,584,0,0,littl sleep may mean fat kid
ADAGUJNWMEPT6,584,5,0,littl sleep may mean fat kid
A1LY3NJTYW9TFF,584,10,0,littl sleep may mean fat kid
A14WWG6NKBDWGP,584,0,0,littl sleep may mean fat kid
A1VYRD3HO2WDUN,584,0,0,littl sleep may mean fat kid
A1XUURRBT9RYFW,584,0,0,littl sleep may mean fat kid
A1M0SEWUJYX9K0,584,15,0,littl sleep may mean fat kid
A2KBTYNGUFRB9N,584,60,0,littl sleep may mean fat kid
A3POYFULMTNW1H,584,0,0,littl sleep may mean fat kid
ARQ4J4TLTPBNC,584,0,0,littl sleep may mean fat kid
A39APWH62XBLR9,572,0,8,eu urg china go green
A1XUURRBT9RYFW,572,0,8,eu urg china go green
A3EKIOVCNYJ9BJ,572,0,8,eu urg china go green
A3TDUHEBFJ53NM,572,0,8,eu urg china go green
AHFO0JTF5WO8J,572,0,8,eu urg china go green
A2OY54JKHARPKS,572,0,8,eu urg china go green
A1XUMT8PKEPRR1,572,100,8,eu urg china go green
A15L6WGIK3VU7N,572,0,8,eu urg china go green
A3POYFULMTNW1H,572,0,8,eu urg china go green
ARQ4J4TLTPBNC,572,0,8,eu urg china go green
A39APWH62XBLR9,561,50,17,vaccin mandat upset legisl
A1XUURRBT9RYFW,561,0,17,vaccin mandat upset legisl
A3EKIOVCNYJ9BJ,561,0,17,vaccin mandat upset legisl
A3TDUHEBFJ53NM,561,0,17,vaccin mandat upset legisl
AHFO0JTF5WO8J,561,0,17,vaccin mandat upset legisl
A2OY54JKHARPKS,561,2,17,vaccin mandat upset legisl
A1XUMT8PKEPRR1,561,20,17,vaccin mandat upset legisl
A15L6WGIK3VU7N,561,25,17,vaccin mandat upset legisl
A3POYFULMTNW1H,561,80,17,vaccin mandat upset legisl
ARQ4J4TLTPBNC,561,100,17,vaccin mandat upset legisl
A39APWH62XBLR9,571,0,0,rob cohen direct third 'mummi
A1XUURRBT9RYFW,571,0,0,rob cohen direct third 'mummi
A3EKIOVCNYJ9BJ,571,0,0,rob cohen direct third 'mummi
A3TDUHEBFJ53NM,571,0,0,rob cohen direct third 'mummi
AHFO0JTF5WO8J,571,0,0,rob cohen direct third 'mummi
A2OY54JKHARPKS,571,0,0,rob cohen direct third 'mummi
A1XUMT8PKEPRR1,571,0,0,rob cohen direct third 'mummi
A15L6WGIK3VU7N,571,0,0,rob cohen direct third 'mummi
A3POYFULMTNW1H,571,0,0,rob cohen direct third 'mummi
ARQ4J4TLTPBNC,571,0,0,rob cohen direct third 'mummi
A39APWH62XBLR9,560,0,0,realli claim back seat car safest place sit
A1XUURRBT9RYFW,560,0,0,realli claim back seat car safest place sit
A3EKIOVCNYJ9BJ,560,0,0,realli claim back seat car safest place sit
A3TDUHEBFJ53NM,560,0,0,realli claim back seat car safest place sit
AHFO0JTF5WO8J,560,0,0,realli claim back seat car safest place sit
A2OY54JKHARPKS,560,0,0,realli claim back seat car safest place sit
A1XUMT8PKEPRR1,560,0,0,realli claim back seat car safest place sit
A15L6WGIK3VU7N,560,0,0,realli claim back seat car safest place sit
A3POYFULMTNW1H,560,0,0,realli claim back seat car safest place sit
ARQ4J4TLTPBNC,560,0,0,realli claim back seat car safest place sit
A39APWH62XBLR9,570,50,6,brown not buri estat issu loom
A1XUURRBT9RYFW,570,0,6,brown not buri estat issu loom
A3EKIOVCNYJ9BJ,570,20,6,brown not buri estat issu loom
A3TDUHEBFJ53NM,570,0,6,brown not buri estat issu loom
AHFO0JTF5WO8J,570,40,6,brown not buri estat issu loom
A2OY54JKHARPKS,570,0,6,brown not buri estat issu loom
A1XUMT8PKEPRR1,570,20,6,brown not buri estat issu loom
A15L6WGIK3VU7N,570,5,6,brown not buri estat issu loom
A3POYFULMTNW1H,570,0,6,brown not buri estat issu loom
ARQ4J4TLTPBNC,570,0,6,brown not buri estat issu loom
A39APWH62XBLR9,569,0,0,seahawk bear vie shot nfl titl
A1XUURRBT9RYFW,569,0,0,seahawk bear vie shot nfl titl
A3EKIOVCNYJ9BJ,569,0,0,seahawk bear vie shot nfl titl
A3TDUHEBFJ53NM,569,0,0,seahawk bear vie shot nfl titl
AHFO0JTF5WO8J,569,0,0,seahawk bear vie shot nfl titl
A2OY54JKHARPKS,569,0,0,seahawk bear vie shot nfl titl
A1XUMT8PKEPRR1,569,0,0,seahawk bear vie shot nfl titl
A15L6WGIK3VU7N,569,0,0,seahawk bear vie shot nfl titl
A3POYFULMTNW1H,569,50,0,seahawk bear vie shot nfl titl
ARQ4J4TLTPBNC,569,0,0,seahawk bear vie shot nfl titl
A39APWH62XBLR9,568,100,32,filipino woman kidnap nigeria
A1XUURRBT9RYFW,568,10,32,filipino woman kidnap nigeria
A3EKIOVCNYJ9BJ,568,10,32,filipino woman kidnap nigeria
A3TDUHEBFJ53NM,568,50,32,filipino woman kidnap nigeria
AHFO0JTF5WO8J,568,60,32,filipino woman kidnap nigeria
A2OY54JKHARPKS,568,15,32,filipino woman kidnap nigeria
A1XUMT8PKEPRR1,568,80,32,filipino woman kidnap nigeria
A15L6WGIK3VU7N,568,0,32,filipino woman kidnap nigeria
A3POYFULMTNW1H,568,99,32,filipino woman kidnap nigeria
ARQ4J4TLTPBNC,568,100,32,filipino woman kidnap nigeria
A39APWH62XBLR9,579,30,6,snow caus airport closur britain
A1XUURRBT9RYFW,579,0,6,snow caus airport closur britain
A3EKIOVCNYJ9BJ,579,0,6,snow caus airport closur britain
A3TDUHEBFJ53NM,579,0,6,snow caus airport closur britain
AHFO0JTF5WO8J,579,0,6,snow caus airport closur britain
A2OY54JKHARPKS,579,0,6,snow caus airport closur britain
A1XUMT8PKEPRR1,579,0,6,snow caus airport closur britain
A15L6WGIK3VU7N,579,30,6,snow caus airport closur britain
A3POYFULMTNW1H,579,0,6,snow caus airport closur britain
ARQ4J4TLTPBNC,579,0,6,snow caus airport closur britain
A39APWH62XBLR9,567,0,0,googl execut act goodwil envoy
A1XUURRBT9RYFW,567,0,0,googl execut act goodwil envoy
A3EKIOVCNYJ9BJ,567,0,0,googl execut act goodwil envoy
A3TDUHEBFJ53NM,567,0,0,googl execut act goodwil envoy
AHFO0JTF5WO8J,567,0,0,googl execut act goodwil envoy
A2OY54JKHARPKS,567,0,0,googl execut act goodwil envoy
A1XUMT8PKEPRR1,567,0,0,googl execut act goodwil envoy
A15L6WGIK3VU7N,567,0,0,googl execut act goodwil envoy
A3POYFULMTNW1H,567,0,0,googl execut act goodwil envoy
ARQ4J4TLTPBNC,567,0,0,googl execut act goodwil envoy
A39APWH62XBLR9,578,0,15,mountain glacier melt faster unit nation say
A1XUURRBT9RYFW,578,0,15,mountain glacier melt faster unit nation say
A3EKIOVCNYJ9BJ,578,55,15,mountain glacier melt faster unit nation say
A3TDUHEBFJ53NM,578,0,15,mountain glacier melt faster unit nation say
AHFO0JTF5WO8J,578,0,15,mountain glacier melt faster unit nation say
A2OY54JKHARPKS,578,15,15,mountain glacier melt faster unit nation say
A1XUMT8PKEPRR1,578,70,15,mountain glacier melt faster unit nation say
A15L6WGIK3VU7N,578,30,15,mountain glacier melt faster unit nation say
A3POYFULMTNW1H,578,50,15,mountain glacier melt faster unit nation say
ARQ4J4TLTPBNC,578,100,15,mountain glacier melt faster unit nation say
A39APWH62XBLR9,577,0,9,merck gardasil may fight strain
A1XUURRBT9RYFW,577,0,9,merck gardasil may fight strain
A3EKIOVCNYJ9BJ,577,0,9,merck gardasil may fight strain
A3TDUHEBFJ53NM,577,0,9,merck gardasil may fight strain
AHFO0JTF5WO8J,577,0,9,merck gardasil may fight strain
A2OY54JKHARPKS,577,0,9,merck gardasil may fight strain
A1XUMT8PKEPRR1,577,20,9,merck gardasil may fight strain
A15L6WGIK3VU7N,577,0,9,merck gardasil may fight strain
A3POYFULMTNW1H,577,0,9,merck gardasil may fight strain
ARQ4J4TLTPBNC,577,0,9,merck gardasil may fight strain
A39APWH62XBLR9,566,0,0,'stomp step no num box offic
A1XUURRBT9RYFW,566,0,0,'stomp step no num box offic
A3EKIOVCNYJ9BJ,566,0,0,'stomp step no num box offic
A3TDUHEBFJ53NM,566,0,0,'stomp step no num box offic
AHFO0JTF5WO8J,566,0,0,'stomp step no num box offic
A2OY54JKHARPKS,566,0,0,'stomp step no num box offic
A1XUMT8PKEPRR1,566,0,0,'stomp step no num box offic
A15L6WGIK3VU7N,566,0,0,'stomp step no num box offic
A3POYFULMTNW1H,566,0,0,'stomp step no num box offic
ARQ4J4TLTPBNC,566,0,0,'stomp step no num box offic
A39APWH62XBLR9,576,100,52,teacher charg sex assault
A1XUURRBT9RYFW,576,100,52,teacher charg sex assault
A3EKIOVCNYJ9BJ,576,66,52,teacher charg sex assault
A3TDUHEBFJ53NM,576,50,52,teacher charg sex assault
AHFO0JTF5WO8J,576,90,52,teacher charg sex assault
A2OY54JKHARPKS,576,25,52,teacher charg sex assault
A1XUMT8PKEPRR1,576,70,52,teacher charg sex assault
A15L6WGIK3VU7N,576,60,52,teacher charg sex assault
A3POYFULMTNW1H,576,99,52,teacher charg sex assault
ARQ4J4TLTPBNC,576,100,52,teacher charg sex assault
A39APWH62XBLR9,564,0,0,virtual 'american idol hit right note
A1XUURRBT9RYFW,564,0,0,virtual 'american idol hit right note
A3EKIOVCNYJ9BJ,564,0,0,virtual 'american idol hit right note
A3TDUHEBFJ53NM,564,0,0,virtual 'american idol hit right note
AHFO0JTF5WO8J,564,0,0,virtual 'american idol hit right note
A2OY54JKHARPKS,564,0,0,virtual 'american idol hit right note
A1XUMT8PKEPRR1,564,0,0,virtual 'american idol hit right note
A15L6WGIK3VU7N,564,0,0,virtual 'american idol hit right note
A3POYFULMTNW1H,564,0,0,virtual 'american idol hit right note
ARQ4J4TLTPBNC,564,0,0,virtual 'american idol hit right note
A39APWH62XBLR9,565,100,32,iraq car bomb kill num2 peopl wound num2
A1XUURRBT9RYFW,565,50,32,iraq car bomb kill num2 peopl wound num2
A3EKIOVCNYJ9BJ,565,80,32,iraq car bomb kill num2 peopl wound num2
A3TDUHEBFJ53NM,565,20,32,iraq car bomb kill num2 peopl wound num2
AHFO0JTF5WO8J,565,90,32,iraq car bomb kill num2 peopl wound num2
A2OY54JKHARPKS,565,30,32,iraq car bomb kill num2 peopl wound num2
A1XUMT8PKEPRR1,565,90,32,iraq car bomb kill num2 peopl wound num2
A15L6WGIK3VU7N,565,5,32,iraq car bomb kill num2 peopl wound num2
A3POYFULMTNW1H,565,99,32,iraq car bomb kill num2 peopl wound num2
ARQ4J4TLTPBNC,565,100,32,iraq car bomb kill num2 peopl wound num2
A39APWH62XBLR9,563,0,20,panel issu bleak report climat chang
A1XUURRBT9RYFW,563,5,20,panel issu bleak report climat chang
A3EKIOVCNYJ9BJ,563,30,20,panel issu bleak report climat chang
A3TDUHEBFJ53NM,563,0,20,panel issu bleak report climat chang
AHFO0JTF5WO8J,563,40,20,panel issu bleak report climat chang
A2OY54JKHARPKS,563,0,20,panel issu bleak report climat chang
A1XUMT8PKEPRR1,563,20,20,panel issu bleak report climat chang
A15L6WGIK3VU7N,563,9,20,panel issu bleak report climat chang
A3POYFULMTNW1H,563,0,20,panel issu bleak report climat chang
ARQ4J4TLTPBNC,563,100,20,panel issu bleak report climat chang
A39APWH62XBLR9,574,0,13,forecast expect toasti num4
A1XUURRBT9RYFW,574,0,13,forecast expect toasti num4
A3EKIOVCNYJ9BJ,574,0,13,forecast expect toasti num4
A3TDUHEBFJ53NM,574,0,13,forecast expect toasti num4
AHFO0JTF5WO8J,574,0,13,forecast expect toasti num4
A2OY54JKHARPKS,574,0,13,forecast expect toasti num4
A1XUMT8PKEPRR1,574,10,13,forecast expect toasti num4
A15L6WGIK3VU7N,574,10,13,forecast expect toasti num4
A3POYFULMTNW1H,574,0,13,forecast expect toasti num4
ARQ4J4TLTPBNC,574,100,13,forecast expect toasti num4
A39APWH62XBLR9,575,0,0,'sunshin goydo win soni open
A1XUURRBT9RYFW,575,0,0,'sunshin goydo win soni open
A3EKIOVCNYJ9BJ,575,0,0,'sunshin goydo win soni open
A3TDUHEBFJ53NM,575,0,0,'sunshin goydo win soni open
AHFO0JTF5WO8J,575,0,0,'sunshin goydo win soni open
A2OY54JKHARPKS,575,0,0,'sunshin goydo win soni open
A1XUMT8PKEPRR1,575,0,0,'sunshin goydo win soni open
A15L6WGIK3VU7N,575,0,0,'sunshin goydo win soni open
A3POYFULMTNW1H,575,0,0,'sunshin goydo win soni open
ARQ4J4TLTPBNC,575,0,0,'sunshin goydo win soni open
A39APWH62XBLR9,562,0,17,news analysi iranian boast put test
A1XUURRBT9RYFW,562,0,17,news analysi iranian boast put test
A3EKIOVCNYJ9BJ,562,10,17,news analysi iranian boast put test
A3TDUHEBFJ53NM,562,10,17,news analysi iranian boast put test
AHFO0JTF5WO8J,562,0,17,news analysi iranian boast put test
A2OY54JKHARPKS,562,0,17,news analysi iranian boast put test
A1XUMT8PKEPRR1,562,70,17,news analysi iranian boast put test
A15L6WGIK3VU7N,562,0,17,news analysi iranian boast put test
A3POYFULMTNW1H,562,0,17,news analysi iranian boast put test
ARQ4J4TLTPBNC,562,0,17,news analysi iranian boast put test
A39APWH62XBLR9,573,0,0,num2th-centuri remedi num2st-centuri potenc
A1XUURRBT9RYFW,573,0,0,num2th-centuri remedi num2st-centuri potenc
A3EKIOVCNYJ9BJ,573,0,0,num2th-centuri remedi num2st-centuri potenc
A3TDUHEBFJ53NM,573,0,0,num2th-centuri remedi num2st-centuri potenc
AHFO0JTF5WO8J,573,0,0,num2th-centuri remedi num2st-centuri potenc
A2OY54JKHARPKS,573,0,0,num2th-centuri remedi num2st-centuri potenc
A1XUMT8PKEPRR1,573,50,0,num2th-centuri remedi num2st-centuri potenc
A15L6WGIK3VU7N,573,0,0,num2th-centuri remedi num2st-centuri potenc
A3POYFULMTNW1H,573,0,0,num2th-centuri remedi num2st-centuri potenc
ARQ4J4TLTPBNC,573,0,0,num2th-centuri remedi num2st-centuri potenc
A3MZF0DGGS6VEY,550,0,4,blake defeat moya retain titl
A1P7VNMICQDNJY,550,0,4,blake defeat moya retain titl
A1A38NLITTAW6C,550,0,4,blake defeat moya retain titl
ARPJ3NYNHTA31,550,0,4,blake defeat moya retain titl
A3HA3UOKO2HTOK,550,0,4,blake defeat moya retain titl
A389Z7A60D4L8I,550,0,4,blake defeat moya retain titl
A3BD4NONKGONRM,550,0,4,blake defeat moya retain titl
A15L6WGIK3VU7N,550,0,4,blake defeat moya retain titl
ARQ4J4TLTPBNC,550,0,4,blake defeat moya retain titl
A2HNP1YL1IBFMU,550,0,4,blake defeat moya retain titl
A3MZF0DGGS6VEY,549,0,55,global web suspect child-rap download
A1P7VNMICQDNJY,549,100,55,global web suspect child-rap download
A1A38NLITTAW6C,549,99,55,global web suspect child-rap download
ARPJ3NYNHTA31,549,100,55,global web suspect child-rap download
A3HA3UOKO2HTOK,549,100,55,global web suspect child-rap download
A389Z7A60D4L8I,549,70,55,global web suspect child-rap download
A3BD4NONKGONRM,549,100,55,global web suspect child-rap download
A15L6WGIK3VU7N,549,50,55,global web suspect child-rap download
ARQ4J4TLTPBNC,549,100,55,global web suspect child-rap download
A2HNP1YL1IBFMU,549,60,55,global web suspect child-rap download
A3MZF0DGGS6VEY,559,0,0,fortun look beyond iphon
A1P7VNMICQDNJY,559,0,0,fortun look beyond iphon
A1A38NLITTAW6C,559,3,0,fortun look beyond iphon
ARPJ3NYNHTA31,559,0,0,fortun look beyond iphon
A3HA3UOKO2HTOK,559,0,0,fortun look beyond iphon
A389Z7A60D4L8I,559,0,0,fortun look beyond iphon
A3BD4NONKGONRM,559,0,0,fortun look beyond iphon
A15L6WGIK3VU7N,559,0,0,fortun look beyond iphon
ARQ4J4TLTPBNC,559,0,0,fortun look beyond iphon
A2HNP1YL1IBFMU,559,0,0,fortun look beyond iphon
A3MZF0DGGS6VEY,548,0,30,sarkozi head clash cartoon row
A1P7VNMICQDNJY,548,0,30,sarkozi head clash cartoon row
A1A38NLITTAW6C,548,0,30,sarkozi head clash cartoon row
ARPJ3NYNHTA31,548,0,30,sarkozi head clash cartoon row
A3HA3UOKO2HTOK,548,0,30,sarkozi head clash cartoon row
A389Z7A60D4L8I,548,0,30,sarkozi head clash cartoon row
A3BD4NONKGONRM,548,0,30,sarkozi head clash cartoon row
A15L6WGIK3VU7N,548,0,30,sarkozi head clash cartoon row
ARQ4J4TLTPBNC,548,0,30,sarkozi head clash cartoon row
A2HNP1YL1IBFMU,548,10,30,sarkozi head clash cartoon row
A3MZF0DGGS6VEY,558,99,4,ganguli hand india squad call-up
A1P7VNMICQDNJY,558,0,4,ganguli hand india squad call-up
A1A38NLITTAW6C,558,4,4,ganguli hand india squad call-up
ARPJ3NYNHTA31,558,0,4,ganguli hand india squad call-up
A3HA3UOKO2HTOK,558,0,4,ganguli hand india squad call-up
A389Z7A60D4L8I,558,0,4,ganguli hand india squad call-up
A3BD4NONKGONRM,558,0,4,ganguli hand india squad call-up
A15L6WGIK3VU7N,558,0,4,ganguli hand india squad call-up
ARQ4J4TLTPBNC,558,0,4,ganguli hand india squad call-up
A2HNP1YL1IBFMU,558,0,4,ganguli hand india squad call-up
A3MZF0DGGS6VEY,547,0,18,hussein 's niec plead father 's life
A1P7VNMICQDNJY,547,0,18,hussein 's niec plead father 's life
A1A38NLITTAW6C,547,99,18,hussein 's niec plead father 's life
ARPJ3NYNHTA31,547,0,18,hussein 's niec plead father 's life
A3HA3UOKO2HTOK,547,70,18,hussein 's niec plead father 's life
A389Z7A60D4L8I,547,10,18,hussein 's niec plead father 's life
A3BD4NONKGONRM,547,100,18,hussein 's niec plead father 's life
A15L6WGIK3VU7N,547,0,18,hussein 's niec plead father 's life
ARQ4J4TLTPBNC,547,0,18,hussein 's niec plead father 's life
A2HNP1YL1IBFMU,547,0,18,hussein 's niec plead father 's life
A3MZF0DGGS6VEY,546,0,8,essay mean streak psychiatri much
A1P7VNMICQDNJY,546,0,8,essay mean streak psychiatri much
A1A38NLITTAW6C,546,0,8,essay mean streak psychiatri much
ARPJ3NYNHTA31,546,0,8,essay mean streak psychiatri much
A3HA3UOKO2HTOK,546,0,8,essay mean streak psychiatri much
A389Z7A60D4L8I,546,20,8,essay mean streak psychiatri much
A3BD4NONKGONRM,546,0,8,essay mean streak psychiatri much
A15L6WGIK3VU7N,546,0,8,essay mean streak psychiatri much
ARQ4J4TLTPBNC,546,0,8,essay mean streak psychiatri much
A2HNP1YL1IBFMU,546,0,8,essay mean streak psychiatri much
A3MZF0DGGS6VEY,557,0,47,cheney congress not run iraq war committe
A1P7VNMICQDNJY,557,30,47,cheney congress not run iraq war committe
A1A38NLITTAW6C,557,9,47,cheney congress not run iraq war committe
ARPJ3NYNHTA31,557,50,47,cheney congress not run iraq war committe
A3HA3UOKO2HTOK,557,40,47,cheney congress not run iraq war committe
A389Z7A60D4L8I,557,0,47,cheney congress not run iraq war committe
A3BD4NONKGONRM,557,0,47,cheney congress not run iraq war committe
A15L6WGIK3VU7N,557,30,47,cheney congress not run iraq war committe
ARQ4J4TLTPBNC,557,100,47,cheney congress not run iraq war committe
A2HNP1YL1IBFMU,557,90,47,cheney congress not run iraq war committe
A3MZF0DGGS6VEY,556,0,0,india 's taj mahal get facelift
A1P7VNMICQDNJY,556,0,0,india 's taj mahal get facelift
A1A38NLITTAW6C,556,70,0,india 's taj mahal get facelift
ARPJ3NYNHTA31,556,0,0,india 's taj mahal get facelift
A3HA3UOKO2HTOK,556,0,0,india 's taj mahal get facelift
A389Z7A60D4L8I,556,0,0,india 's taj mahal get facelift
A3BD4NONKGONRM,556,0,0,india 's taj mahal get facelift
A15L6WGIK3VU7N,556,0,0,india 's taj mahal get facelift
ARQ4J4TLTPBNC,556,0,0,india 's taj mahal get facelift
A2HNP1YL1IBFMU,556,0,0,india 's taj mahal get facelift
A3MZF0DGGS6VEY,545,10,4,two detain bodi part mail
A1P7VNMICQDNJY,545,100,4,two detain bodi part mail
A1A38NLITTAW6C,545,87,4,two detain bodi part mail
ARPJ3NYNHTA31,545,0,4,two detain bodi part mail
A3HA3UOKO2HTOK,545,50,4,two detain bodi part mail
A389Z7A60D4L8I,545,80,4,two detain bodi part mail
A3BD4NONKGONRM,545,0,4,two detain bodi part mail
A15L6WGIK3VU7N,545,5,4,two detain bodi part mail
ARQ4J4TLTPBNC,545,100,4,two detain bodi part mail
A2HNP1YL1IBFMU,545,100,4,two detain bodi part mail
A3MZF0DGGS6VEY,544,0,17,turner pay boston bomb
A1P7VNMICQDNJY,544,100,17,turner pay boston bomb
A1A38NLITTAW6C,544,0,17,turner pay boston bomb
ARPJ3NYNHTA31,544,0,17,turner pay boston bomb
A3HA3UOKO2HTOK,544,0,17,turner pay boston bomb
A389Z7A60D4L8I,544,0,17,turner pay boston bomb
A3BD4NONKGONRM,544,0,17,turner pay boston bomb
A15L6WGIK3VU7N,544,0,17,turner pay boston bomb
ARQ4J4TLTPBNC,544,0,17,turner pay boston bomb
A2HNP1YL1IBFMU,544,0,17,turner pay boston bomb
A3MZF0DGGS6VEY,555,0,17,move ban ipod cross street
A1P7VNMICQDNJY,555,15,17,move ban ipod cross street
A1A38NLITTAW6C,555,90,17,move ban ipod cross street
ARPJ3NYNHTA31,555,25,17,move ban ipod cross street
A3HA3UOKO2HTOK,555,50,17,move ban ipod cross street
A389Z7A60D4L8I,555,0,17,move ban ipod cross street
A3BD4NONKGONRM,555,0,17,move ban ipod cross street
A15L6WGIK3VU7N,555,0,17,move ban ipod cross street
ARQ4J4TLTPBNC,555,0,17,move ban ipod cross street
A2HNP1YL1IBFMU,555,80,17,move ban ipod cross street
A3MZF0DGGS6VEY,554,0,15,polic state issu
A1P7VNMICQDNJY,554,100,15,polic state issu
A1A38NLITTAW6C,554,0,15,polic state issu
ARPJ3NYNHTA31,554,100,15,polic state issu
A3HA3UOKO2HTOK,554,70,15,polic state issu
A389Z7A60D4L8I,554,30,15,polic state issu
A3BD4NONKGONRM,554,100,15,polic state issu
A15L6WGIK3VU7N,554,20,15,polic state issu
ARQ4J4TLTPBNC,554,0,15,polic state issu
A2HNP1YL1IBFMU,554,100,15,polic state issu
A3MZF0DGGS6VEY,543,0,24,protest end strike nepal pm conced demand
A1P7VNMICQDNJY,543,0,24,protest end strike nepal pm conced demand
A1A38NLITTAW6C,543,56,24,protest end strike nepal pm conced demand
ARPJ3NYNHTA31,543,0,24,protest end strike nepal pm conced demand
A3HA3UOKO2HTOK,543,0,24,protest end strike nepal pm conced demand
A389Z7A60D4L8I,543,0,24,protest end strike nepal pm conced demand
A3BD4NONKGONRM,543,0,24,protest end strike nepal pm conced demand
A15L6WGIK3VU7N,543,0,24,protest end strike nepal pm conced demand
ARQ4J4TLTPBNC,543,0,24,protest end strike nepal pm conced demand
A2HNP1YL1IBFMU,543,0,24,protest end strike nepal pm conced demand
A3MZF0DGGS6VEY,553,0,0,microsoft soni problem
A1P7VNMICQDNJY,553,0,0,microsoft soni problem
A1A38NLITTAW6C,553,10,0,microsoft soni problem
ARPJ3NYNHTA31,553,0,0,microsoft soni problem
A3HA3UOKO2HTOK,553,20,0,microsoft soni problem
A389Z7A60D4L8I,553,0,0,microsoft soni problem
A3BD4NONKGONRM,553,0,0,microsoft soni problem
A15L6WGIK3VU7N,553,0,0,microsoft soni problem
ARQ4J4TLTPBNC,553,0,0,microsoft soni problem
A2HNP1YL1IBFMU,553,0,0,microsoft soni problem
A3MZF0DGGS6VEY,542,0,0,feder hand tough aussi draw
A1P7VNMICQDNJY,542,0,0,feder hand tough aussi draw
A1A38NLITTAW6C,542,0,0,feder hand tough aussi draw
ARPJ3NYNHTA31,542,0,0,feder hand tough aussi draw
A3HA3UOKO2HTOK,542,0,0,feder hand tough aussi draw
A389Z7A60D4L8I,542,0,0,feder hand tough aussi draw
A3BD4NONKGONRM,542,0,0,feder hand tough aussi draw
A15L6WGIK3VU7N,542,0,0,feder hand tough aussi draw
ARQ4J4TLTPBNC,542,0,0,feder hand tough aussi draw
A2HNP1YL1IBFMU,542,0,0,feder hand tough aussi draw
A3MZF0DGGS6VEY,552,0,1,aquarium put ail beluga whale sleep
A1P7VNMICQDNJY,552,100,1,aquarium put ail beluga whale sleep
A1A38NLITTAW6C,552,25,1,aquarium put ail beluga whale sleep
ARPJ3NYNHTA31,552,0,1,aquarium put ail beluga whale sleep
A3HA3UOKO2HTOK,552,0,1,aquarium put ail beluga whale sleep
A389Z7A60D4L8I,552,0,1,aquarium put ail beluga whale sleep
A3BD4NONKGONRM,552,0,1,aquarium put ail beluga whale sleep
A15L6WGIK3VU7N,552,0,1,aquarium put ail beluga whale sleep
ARQ4J4TLTPBNC,552,0,1,aquarium put ail beluga whale sleep
A2HNP1YL1IBFMU,552,0,1,aquarium put ail beluga whale sleep
A3MZF0DGGS6VEY,541,0,11,new ozzfest freedom not free
A1P7VNMICQDNJY,541,100,11,new ozzfest freedom not free
A1A38NLITTAW6C,541,5,11,new ozzfest freedom not free
ARPJ3NYNHTA31,541,0,11,new ozzfest freedom not free
A3HA3UOKO2HTOK,541,30,11,new ozzfest freedom not free
A389Z7A60D4L8I,541,0,11,new ozzfest freedom not free
A3BD4NONKGONRM,541,0,11,new ozzfest freedom not free
A15L6WGIK3VU7N,541,5,11,new ozzfest freedom not free
ARQ4J4TLTPBNC,541,0,11,new ozzfest freedom not free
A2HNP1YL1IBFMU,541,100,11,new ozzfest freedom not free
A3MZF0DGGS6VEY,540,0,0,golden globe way
A1P7VNMICQDNJY,540,0,0,golden globe way
A1A38NLITTAW6C,540,0,0,golden globe way
ARPJ3NYNHTA31,540,0,0,golden globe way
A3HA3UOKO2HTOK,540,0,0,golden globe way
A389Z7A60D4L8I,540,0,0,golden globe way
A3BD4NONKGONRM,540,0,0,golden globe way
A15L6WGIK3VU7N,540,0,0,golden globe way
ARQ4J4TLTPBNC,540,0,0,golden globe way
A2HNP1YL1IBFMU,540,0,0,golden globe way
A3MZF0DGGS6VEY,551,10,3,storm kill knock out power cancel flight
A1P7VNMICQDNJY,551,0,3,storm kill knock out power cancel flight
A1A38NLITTAW6C,551,80,3,storm kill knock out power cancel flight
ARPJ3NYNHTA31,551,0,3,storm kill knock out power cancel flight
A3HA3UOKO2HTOK,551,0,3,storm kill knock out power cancel flight
A389Z7A60D4L8I,551,0,3,storm kill knock out power cancel flight
A3BD4NONKGONRM,551,100,3,storm kill knock out power cancel flight
A15L6WGIK3VU7N,551,0,3,storm kill knock out power cancel flight
ARQ4J4TLTPBNC,551,0,3,storm kill knock out power cancel flight
A2HNP1YL1IBFMU,551,50,3,storm kill knock out power cancel flight
A18WNE09USHJSG,529,0,0,'human hair clue hunt airlin
AHFO0JTF5WO8J,529,0,0,'human hair clue hunt airlin
ALHOGP0VKKGM3,529,32,0,'human hair clue hunt airlin
AMJY7CKRBEI2A,529,0,0,'human hair clue hunt airlin
A2LRADB3KFT2AO,529,0,0,'human hair clue hunt airlin
A15L6WGIK3VU7N,529,0,0,'human hair clue hunt airlin
A8ERQT8X2HQPK,529,0,0,'human hair clue hunt airlin
ARQ4J4TLTPBNC,529,0,0,'human hair clue hunt airlin
A1DCEOFAUIDY58,529,0,0,'human hair clue hunt airlin
AZ209ZYWRSIUG,529,0,0,'human hair clue hunt airlin
A18WNE09USHJSG,539,20,40,two muslim group sue french newspap intern
AHFO0JTF5WO8J,539,60,40,two muslim group sue french newspap intern
ALHOGP0VKKGM3,539,0,40,two muslim group sue french newspap intern
AMJY7CKRBEI2A,539,75,40,two muslim group sue french newspap intern
A2LRADB3KFT2AO,539,50,40,two muslim group sue french newspap intern
A15L6WGIK3VU7N,539,0,40,two muslim group sue french newspap intern
A8ERQT8X2HQPK,539,10,40,two muslim group sue french newspap intern
ARQ4J4TLTPBNC,539,100,40,two muslim group sue french newspap intern
A1DCEOFAUIDY58,539,40,40,two muslim group sue french newspap intern
AZ209ZYWRSIUG,539,0,40,two muslim group sue french newspap intern
A18WNE09USHJSG,528,75,46,global nation major child porn ring bust
AHFO0JTF5WO8J,528,60,46,global nation major child porn ring bust
ALHOGP0VKKGM3,528,46,46,global nation major child porn ring bust
AMJY7CKRBEI2A,528,75,46,global nation major child porn ring bust
A2LRADB3KFT2AO,528,0,46,global nation major child porn ring bust
A15L6WGIK3VU7N,528,10,46,global nation major child porn ring bust
A8ERQT8X2HQPK,528,25,46,global nation major child porn ring bust
ARQ4J4TLTPBNC,528,100,46,global nation major child porn ring bust
A1DCEOFAUIDY58,528,90,46,global nation major child porn ring bust
AZ209ZYWRSIUG,528,80,46,global nation major child porn ring bust
A18WNE09USHJSG,538,0,0,case simpl solut right one
AHFO0JTF5WO8J,538,0,0,case simpl solut right one
ALHOGP0VKKGM3,538,0,0,case simpl solut right one
AMJY7CKRBEI2A,538,0,0,case simpl solut right one
A2LRADB3KFT2AO,538,0,0,case simpl solut right one
A15L6WGIK3VU7N,538,0,0,case simpl solut right one
A8ERQT8X2HQPK,538,0,0,case simpl solut right one
ARQ4J4TLTPBNC,538,0,0,case simpl solut right one
A1DCEOFAUIDY58,538,0,0,case simpl solut right one
AZ209ZYWRSIUG,538,0,0,case simpl solut right one
A18WNE09USHJSG,537,60,14,pacer jackson miss gun hear
AHFO0JTF5WO8J,537,0,14,pacer jackson miss gun hear
ALHOGP0VKKGM3,537,15,14,pacer jackson miss gun hear
AMJY7CKRBEI2A,537,20,14,pacer jackson miss gun hear
A2LRADB3KFT2AO,537,20,14,pacer jackson miss gun hear
A15L6WGIK3VU7N,537,5,14,pacer jackson miss gun hear
A8ERQT8X2HQPK,537,0,14,pacer jackson miss gun hear
ARQ4J4TLTPBNC,537,0,14,pacer jackson miss gun hear
A1DCEOFAUIDY58,537,20,14,pacer jackson miss gun hear
AZ209ZYWRSIUG,537,80,14,pacer jackson miss gun hear
A18WNE09USHJSG,527,0,2,bear fan lose bet chang name
AHFO0JTF5WO8J,527,0,2,bear fan lose bet chang name
ALHOGP0VKKGM3,527,100,2,bear fan lose bet chang name
AMJY7CKRBEI2A,527,0,2,bear fan lose bet chang name
A2LRADB3KFT2AO,527,0,2,bear fan lose bet chang name
A15L6WGIK3VU7N,527,0,2,bear fan lose bet chang name
A8ERQT8X2HQPK,527,0,2,bear fan lose bet chang name
ARQ4J4TLTPBNC,527,0,2,bear fan lose bet chang name
A1DCEOFAUIDY58,527,0,2,bear fan lose bet chang name
AZ209ZYWRSIUG,527,0,2,bear fan lose bet chang name
A18WNE09USHJSG,536,0,11,bernhard set leav volkswagen
AHFO0JTF5WO8J,536,0,11,bernhard set leav volkswagen
ALHOGP0VKKGM3,536,2,11,bernhard set leav volkswagen
AMJY7CKRBEI2A,536,0,11,bernhard set leav volkswagen
A2LRADB3KFT2AO,536,0,11,bernhard set leav volkswagen
A15L6WGIK3VU7N,536,0,11,bernhard set leav volkswagen
A8ERQT8X2HQPK,536,0,11,bernhard set leav volkswagen
ARQ4J4TLTPBNC,536,0,11,bernhard set leav volkswagen
A1DCEOFAUIDY58,536,0,11,bernhard set leav volkswagen
AZ209ZYWRSIUG,536,0,11,bernhard set leav volkswagen
A18WNE09USHJSG,526,20,0,press see hope mecca talk
AHFO0JTF5WO8J,526,0,0,press see hope mecca talk
ALHOGP0VKKGM3,526,64,0,press see hope mecca talk
AMJY7CKRBEI2A,526,0,0,press see hope mecca talk
A2LRADB3KFT2AO,526,0,0,press see hope mecca talk
A15L6WGIK3VU7N,526,0,0,press see hope mecca talk
A8ERQT8X2HQPK,526,0,0,press see hope mecca talk
ARQ4J4TLTPBNC,526,0,0,press see hope mecca talk
A1DCEOFAUIDY58,526,0,0,press see hope mecca talk
AZ209ZYWRSIUG,526,0,0,press see hope mecca talk
A18WNE09USHJSG,535,50,0,discov boy bring shock joy
AHFO0JTF5WO8J,535,0,0,discov boy bring shock joy
ALHOGP0VKKGM3,535,5,0,discov boy bring shock joy
AMJY7CKRBEI2A,535,0,0,discov boy bring shock joy
A2LRADB3KFT2AO,535,0,0,discov boy bring shock joy
A15L6WGIK3VU7N,535,0,0,discov boy bring shock joy
A8ERQT8X2HQPK,535,0,0,discov boy bring shock joy
ARQ4J4TLTPBNC,535,0,0,discov boy bring shock joy
A1DCEOFAUIDY58,535,0,0,discov boy bring shock joy
AZ209ZYWRSIUG,535,0,0,discov boy bring shock joy
A18WNE09USHJSG,525,0,0,us airway boost bid delta
AHFO0JTF5WO8J,525,0,0,us airway boost bid delta
ALHOGP0VKKGM3,525,46,0,us airway boost bid delta
AMJY7CKRBEI2A,525,0,0,us airway boost bid delta
A2LRADB3KFT2AO,525,0,0,us airway boost bid delta
A15L6WGIK3VU7N,525,0,0,us airway boost bid delta
A8ERQT8X2HQPK,525,0,0,us airway boost bid delta
ARQ4J4TLTPBNC,525,0,0,us airway boost bid delta
A1DCEOFAUIDY58,525,0,0,us airway boost bid delta
AZ209ZYWRSIUG,525,0,0,us airway boost bid delta
A18WNE09USHJSG,524,0,2,inter milan set seri win record
AHFO0JTF5WO8J,524,0,2,inter milan set seri win record
ALHOGP0VKKGM3,524,86,2,inter milan set seri win record
AMJY7CKRBEI2A,524,0,2,inter milan set seri win record
A2LRADB3KFT2AO,524,0,2,inter milan set seri win record
A15L6WGIK3VU7N,524,0,2,inter milan set seri win record
A8ERQT8X2HQPK,524,0,2,inter milan set seri win record
ARQ4J4TLTPBNC,524,0,2,inter milan set seri win record
A1DCEOFAUIDY58,524,0,2,inter milan set seri win record
AZ209ZYWRSIUG,524,0,2,inter milan set seri win record
A18WNE09USHJSG,534,0,0,stomp yard win move weekend debut
AHFO0JTF5WO8J,534,0,0,stomp yard win move weekend debut
ALHOGP0VKKGM3,534,60,0,stomp yard win move weekend debut
AMJY7CKRBEI2A,534,0,0,stomp yard win move weekend debut
A2LRADB3KFT2AO,534,0,0,stomp yard win move weekend debut
A15L6WGIK3VU7N,534,0,0,stomp yard win move weekend debut
A8ERQT8X2HQPK,534,0,0,stomp yard win move weekend debut
ARQ4J4TLTPBNC,534,0,0,stomp yard win move weekend debut
A1DCEOFAUIDY58,534,0,0,stomp yard win move weekend debut
AZ209ZYWRSIUG,534,0,0,stomp yard win move weekend debut
A18WNE09USHJSG,523,15,7,bb star jackson deni goodi comment
AHFO0JTF5WO8J,523,0,7,bb star jackson deni goodi comment
ALHOGP0VKKGM3,523,45,7,bb star jackson deni goodi comment
AMJY7CKRBEI2A,523,10,7,bb star jackson deni goodi comment
A2LRADB3KFT2AO,523,15,7,bb star jackson deni goodi comment
A15L6WGIK3VU7N,523,0,7,bb star jackson deni goodi comment
A8ERQT8X2HQPK,523,0,7,bb star jackson deni goodi comment
ARQ4J4TLTPBNC,523,0,7,bb star jackson deni goodi comment
A1DCEOFAUIDY58,523,0,7,bb star jackson deni goodi comment
AZ209ZYWRSIUG,523,0,7,bb star jackson deni goodi comment
A18WNE09USHJSG,533,60,25,tb pay 2m fine ad campaign bomb scare
AHFO0JTF5WO8J,533,0,25,tb pay 2m fine ad campaign bomb scare
ALHOGP0VKKGM3,533,0,25,tb pay 2m fine ad campaign bomb scare
AMJY7CKRBEI2A,533,20,25,tb pay 2m fine ad campaign bomb scare
A2LRADB3KFT2AO,533,25,25,tb pay 2m fine ad campaign bomb scare
A15L6WGIK3VU7N,533,0,25,tb pay 2m fine ad campaign bomb scare
A8ERQT8X2HQPK,533,0,25,tb pay 2m fine ad campaign bomb scare
ARQ4J4TLTPBNC,533,0,25,tb pay 2m fine ad campaign bomb scare
A1DCEOFAUIDY58,533,20,25,tb pay 2m fine ad campaign bomb scare
AZ209ZYWRSIUG,533,20,25,tb pay 2m fine ad campaign bomb scare
A18WNE09USHJSG,522,25,51,cisco sue appl iphon name
AHFO0JTF5WO8J,522,70,51,cisco sue appl iphon name
ALHOGP0VKKGM3,522,15,51,cisco sue appl iphon name
AMJY7CKRBEI2A,522,0,51,cisco sue appl iphon name
A2LRADB3KFT2AO,522,8,51,cisco sue appl iphon name
A15L6WGIK3VU7N,522,0,51,cisco sue appl iphon name
A8ERQT8X2HQPK,522,0,51,cisco sue appl iphon name
ARQ4J4TLTPBNC,522,0,51,cisco sue appl iphon name
A1DCEOFAUIDY58,522,0,51,cisco sue appl iphon name
AZ209ZYWRSIUG,522,0,51,cisco sue appl iphon name
A18WNE09USHJSG,521,75,19,democrat plot bush troop increas censur
AHFO0JTF5WO8J,521,80,19,democrat plot bush troop increas censur
ALHOGP0VKKGM3,521,13,19,democrat plot bush troop increas censur
AMJY7CKRBEI2A,521,20,19,democrat plot bush troop increas censur
A2LRADB3KFT2AO,521,30,19,democrat plot bush troop increas censur
A15L6WGIK3VU7N,521,0,19,democrat plot bush troop increas censur
A8ERQT8X2HQPK,521,0,19,democrat plot bush troop increas censur
ARQ4J4TLTPBNC,521,0,19,democrat plot bush troop increas censur
A1DCEOFAUIDY58,521,50,19,democrat plot bush troop increas censur
AZ209ZYWRSIUG,521,0,19,democrat plot bush troop increas censur
A18WNE09USHJSG,532,0,0,num money makeov
AHFO0JTF5WO8J,532,0,0,num money makeov
ALHOGP0VKKGM3,532,3,0,num money makeov
AMJY7CKRBEI2A,532,0,0,num money makeov
A2LRADB3KFT2AO,532,20,0,num money makeov
A15L6WGIK3VU7N,532,0,0,num money makeov
A8ERQT8X2HQPK,532,0,0,num money makeov
ARQ4J4TLTPBNC,532,0,0,num money makeov
A1DCEOFAUIDY58,532,0,0,num money makeov
AZ209ZYWRSIUG,532,0,0,num money makeov
A18WNE09USHJSG,520,0,2,carphon warehous 's mix signal
AHFO0JTF5WO8J,520,0,2,carphon warehous 's mix signal
ALHOGP0VKKGM3,520,1,2,carphon warehous 's mix signal
AMJY7CKRBEI2A,520,0,2,carphon warehous 's mix signal
A2LRADB3KFT2AO,520,0,2,carphon warehous 's mix signal
A15L6WGIK3VU7N,520,0,2,carphon warehous 's mix signal
A8ERQT8X2HQPK,520,0,2,carphon warehous 's mix signal
ARQ4J4TLTPBNC,520,0,2,carphon warehous 's mix signal
A1DCEOFAUIDY58,520,10,2,carphon warehous 's mix signal
AZ209ZYWRSIUG,520,0,2,carphon warehous 's mix signal
A18WNE09USHJSG,531,25,0,realli claim pill make put weight
AHFO0JTF5WO8J,531,0,0,realli claim pill make put weight
ALHOGP0VKKGM3,531,15,0,realli claim pill make put weight
AMJY7CKRBEI2A,531,20,0,realli claim pill make put weight
A2LRADB3KFT2AO,531,15,0,realli claim pill make put weight
A15L6WGIK3VU7N,531,0,0,realli claim pill make put weight
A8ERQT8X2HQPK,531,0,0,realli claim pill make put weight
ARQ4J4TLTPBNC,531,0,0,realli claim pill make put weight
A1DCEOFAUIDY58,531,0,0,realli claim pill make put weight
AZ209ZYWRSIUG,531,0,0,realli claim pill make put weight
A18WNE09USHJSG,530,0,0,johnni depp make movi spi poison
AHFO0JTF5WO8J,530,0,0,johnni depp make movi spi poison
ALHOGP0VKKGM3,530,12,0,johnni depp make movi spi poison
AMJY7CKRBEI2A,530,0,0,johnni depp make movi spi poison
A2LRADB3KFT2AO,530,15,0,johnni depp make movi spi poison
A15L6WGIK3VU7N,530,0,0,johnni depp make movi spi poison
A8ERQT8X2HQPK,530,0,0,johnni depp make movi spi poison
ARQ4J4TLTPBNC,530,0,0,johnni depp make movi spi poison
A1DCEOFAUIDY58,530,0,0,johnni depp make movi spi poison
AZ209ZYWRSIUG,530,0,0,johnni depp make movi spi poison
A2NCIFVGIZESDF,507,0,10,build memori son one child time
A1757CYJKBGLV2,507,0,10,build memori son one child time
A2OY54JKHARPKS,507,0,10,build memori son one child time
A1ZGDXSHUPEQD9,507,0,10,build memori son one child time
A1Q5GERIWS0YJR,507,0,10,build memori son one child time
A3POYFULMTNW1H,507,0,10,build memori son one child time
ARQ4J4TLTPBNC,507,0,10,build memori son one child time
A15MN5MDG4D7Q9,507,20,10,build memori son one child time
AS51Z6DBWM9JM,507,0,10,build memori son one child time
AZ209ZYWRSIUG,507,0,10,build memori son one child time
A2NCIFVGIZESDF,518,20,14,num dead apart build fire
A1757CYJKBGLV2,518,80,14,num dead apart build fire
A2OY54JKHARPKS,518,10,14,num dead apart build fire
A1ZGDXSHUPEQD9,518,0,14,num dead apart build fire
A1Q5GERIWS0YJR,518,50,14,num dead apart build fire
A3POYFULMTNW1H,518,80,14,num dead apart build fire
ARQ4J4TLTPBNC,518,0,14,num dead apart build fire
A15MN5MDG4D7Q9,518,0,14,num dead apart build fire
AS51Z6DBWM9JM,518,63,14,num dead apart build fire
AZ209ZYWRSIUG,518,0,14,num dead apart build fire
A2NCIFVGIZESDF,517,0,8,iraq trip clinton propos war limit
A1757CYJKBGLV2,517,0,8,iraq trip clinton propos war limit
A2OY54JKHARPKS,517,0,8,iraq trip clinton propos war limit
A1ZGDXSHUPEQD9,517,0,8,iraq trip clinton propos war limit
A1Q5GERIWS0YJR,517,60,8,iraq trip clinton propos war limit
A3POYFULMTNW1H,517,0,8,iraq trip clinton propos war limit
ARQ4J4TLTPBNC,517,0,8,iraq trip clinton propos war limit
A15MN5MDG4D7Q9,517,0,8,iraq trip clinton propos war limit
AS51Z6DBWM9JM,517,40,8,iraq trip clinton propos war limit
AZ209ZYWRSIUG,517,0,8,iraq trip clinton propos war limit
A2NCIFVGIZESDF,506,0,0,sarkozi letter surpris french cartoon hear
A1757CYJKBGLV2,506,0,0,sarkozi letter surpris french cartoon hear
A2OY54JKHARPKS,506,0,0,sarkozi letter surpris french cartoon hear
A1ZGDXSHUPEQD9,506,0,0,sarkozi letter surpris french cartoon hear
A1Q5GERIWS0YJR,506,0,0,sarkozi letter surpris french cartoon hear
A3POYFULMTNW1H,506,0,0,sarkozi letter surpris french cartoon hear
ARQ4J4TLTPBNC,506,0,0,sarkozi letter surpris french cartoon hear
A15MN5MDG4D7Q9,506,12,0,sarkozi letter surpris french cartoon hear
AS51Z6DBWM9JM,506,0,0,sarkozi letter surpris french cartoon hear
AZ209ZYWRSIUG,506,0,0,sarkozi letter surpris french cartoon hear
A2NCIFVGIZESDF,504,15,1,close cancel top advic flu outbreak
A1757CYJKBGLV2,504,90,1,close cancel top advic flu outbreak
A2OY54JKHARPKS,504,21,1,close cancel top advic flu outbreak
A1ZGDXSHUPEQD9,504,0,1,close cancel top advic flu outbreak
A1Q5GERIWS0YJR,504,0,1,close cancel top advic flu outbreak
A3POYFULMTNW1H,504,0,1,close cancel top advic flu outbreak
ARQ4J4TLTPBNC,504,0,1,close cancel top advic flu outbreak
A15MN5MDG4D7Q9,504,0,1,close cancel top advic flu outbreak
AS51Z6DBWM9JM,504,0,1,close cancel top advic flu outbreak
AZ209ZYWRSIUG,504,0,1,close cancel top advic flu outbreak
A2NCIFVGIZESDF,516,50,0,asian nation urg myanmar reform
A1757CYJKBGLV2,516,0,0,asian nation urg myanmar reform
A2OY54JKHARPKS,516,0,0,asian nation urg myanmar reform
A1ZGDXSHUPEQD9,516,0,0,asian nation urg myanmar reform
A1Q5GERIWS0YJR,516,0,0,asian nation urg myanmar reform
A3POYFULMTNW1H,516,0,0,asian nation urg myanmar reform
ARQ4J4TLTPBNC,516,0,0,asian nation urg myanmar reform
A15MN5MDG4D7Q9,516,0,0,asian nation urg myanmar reform
AS51Z6DBWM9JM,516,20,0,asian nation urg myanmar reform
AZ209ZYWRSIUG,516,0,0,asian nation urg myanmar reform
A2NCIFVGIZESDF,505,30,8,truck swallow subway collaps
A1757CYJKBGLV2,505,90,8,truck swallow subway collaps
A2OY54JKHARPKS,505,30,8,truck swallow subway collaps
A1ZGDXSHUPEQD9,505,0,8,truck swallow subway collaps
A1Q5GERIWS0YJR,505,0,8,truck swallow subway collaps
A3POYFULMTNW1H,505,30,8,truck swallow subway collaps
ARQ4J4TLTPBNC,505,0,8,truck swallow subway collaps
A15MN5MDG4D7Q9,505,20,8,truck swallow subway collaps
AS51Z6DBWM9JM,505,25,8,truck swallow subway collaps
AZ209ZYWRSIUG,505,0,8,truck swallow subway collaps
A2NCIFVGIZESDF,514,40,9,cia leak trial summari
A1757CYJKBGLV2,514,30,9,cia leak trial summari
A2OY54JKHARPKS,514,0,9,cia leak trial summari
A1ZGDXSHUPEQD9,514,0,9,cia leak trial summari
A1Q5GERIWS0YJR,514,10,9,cia leak trial summari
A3POYFULMTNW1H,514,70,9,cia leak trial summari
ARQ4J4TLTPBNC,514,100,9,cia leak trial summari
A15MN5MDG4D7Q9,514,10,9,cia leak trial summari
AS51Z6DBWM9JM,514,25,9,cia leak trial summari
AZ209ZYWRSIUG,514,60,9,cia leak trial summari
A2NCIFVGIZESDF,503,0,0,schuey see ferrari unveil new car
A1757CYJKBGLV2,503,0,0,schuey see ferrari unveil new car
A2OY54JKHARPKS,503,0,0,schuey see ferrari unveil new car
A1ZGDXSHUPEQD9,503,0,0,schuey see ferrari unveil new car
A1Q5GERIWS0YJR,503,0,0,schuey see ferrari unveil new car
A3POYFULMTNW1H,503,0,0,schuey see ferrari unveil new car
ARQ4J4TLTPBNC,503,0,0,schuey see ferrari unveil new car
A15MN5MDG4D7Q9,503,0,0,schuey see ferrari unveil new car
AS51Z6DBWM9JM,503,0,0,schuey see ferrari unveil new car
AZ209ZYWRSIUG,503,0,0,schuey see ferrari unveil new car
A2NCIFVGIZESDF,515,0,0,danc movi take no num
A1757CYJKBGLV2,515,0,0,danc movi take no num
A2OY54JKHARPKS,515,0,0,danc movi take no num
A1ZGDXSHUPEQD9,515,0,0,danc movi take no num
A1Q5GERIWS0YJR,515,0,0,danc movi take no num
A3POYFULMTNW1H,515,0,0,danc movi take no num
ARQ4J4TLTPBNC,515,0,0,danc movi take no num
A15MN5MDG4D7Q9,515,20,0,danc movi take no num
AS51Z6DBWM9JM,515,0,0,danc movi take no num
AZ209ZYWRSIUG,515,0,0,danc movi take no num
A2NCIFVGIZESDF,502,0,0,sight sound ce
A1757CYJKBGLV2,502,0,0,sight sound ce
A2OY54JKHARPKS,502,0,0,sight sound ce
A1ZGDXSHUPEQD9,502,0,0,sight sound ce
A1Q5GERIWS0YJR,502,0,0,sight sound ce
A3POYFULMTNW1H,502,0,0,sight sound ce
ARQ4J4TLTPBNC,502,0,0,sight sound ce
A15MN5MDG4D7Q9,502,0,0,sight sound ce
AS51Z6DBWM9JM,502,0,0,sight sound ce
AZ209ZYWRSIUG,502,0,0,sight sound ce
A2NCIFVGIZESDF,513,0,0,ozzi hero hard-rock mass
A1757CYJKBGLV2,513,0,0,ozzi hero hard-rock mass
A2OY54JKHARPKS,513,0,0,ozzi hero hard-rock mass
A1ZGDXSHUPEQD9,513,0,0,ozzi hero hard-rock mass
A1Q5GERIWS0YJR,513,0,0,ozzi hero hard-rock mass
A3POYFULMTNW1H,513,0,0,ozzi hero hard-rock mass
ARQ4J4TLTPBNC,513,0,0,ozzi hero hard-rock mass
A15MN5MDG4D7Q9,513,30,0,ozzi hero hard-rock mass
AS51Z6DBWM9JM,513,0,0,ozzi hero hard-rock mass
AZ209ZYWRSIUG,513,0,0,ozzi hero hard-rock mass
A2NCIFVGIZESDF,512,0,4,defens challeng russert 's credibl
A1757CYJKBGLV2,512,10,4,defens challeng russert 's credibl
A2OY54JKHARPKS,512,0,4,defens challeng russert 's credibl
A1ZGDXSHUPEQD9,512,0,4,defens challeng russert 's credibl
A1Q5GERIWS0YJR,512,0,4,defens challeng russert 's credibl
A3POYFULMTNW1H,512,0,4,defens challeng russert 's credibl
ARQ4J4TLTPBNC,512,0,4,defens challeng russert 's credibl
A15MN5MDG4D7Q9,512,10,4,defens challeng russert 's credibl
AS51Z6DBWM9JM,512,0,4,defens challeng russert 's credibl
AZ209ZYWRSIUG,512,0,4,defens challeng russert 's credibl
A2NCIFVGIZESDF,501,0,24,two hussein alli hang iraqi offici say
A1757CYJKBGLV2,501,90,24,two hussein alli hang iraqi offici say
A2OY54JKHARPKS,501,0,24,two hussein alli hang iraqi offici say
A1ZGDXSHUPEQD9,501,0,24,two hussein alli hang iraqi offici say
A1Q5GERIWS0YJR,501,40,24,two hussein alli hang iraqi offici say
A3POYFULMTNW1H,501,0,24,two hussein alli hang iraqi offici say
ARQ4J4TLTPBNC,501,100,24,two hussein alli hang iraqi offici say
A15MN5MDG4D7Q9,501,0,24,two hussein alli hang iraqi offici say
AS51Z6DBWM9JM,501,45,24,two hussein alli hang iraqi offici say
AZ209ZYWRSIUG,501,30,24,two hussein alli hang iraqi offici say
A2NCIFVGIZESDF,511,0,0,num4 year coupl still hug
A1757CYJKBGLV2,511,0,0,num4 year coupl still hug
A2OY54JKHARPKS,511,0,0,num4 year coupl still hug
A1ZGDXSHUPEQD9,511,0,0,num4 year coupl still hug
A1Q5GERIWS0YJR,511,0,0,num4 year coupl still hug
A3POYFULMTNW1H,511,0,0,num4 year coupl still hug
ARQ4J4TLTPBNC,511,0,0,num4 year coupl still hug
A15MN5MDG4D7Q9,511,0,0,num4 year coupl still hug
AS51Z6DBWM9JM,511,0,0,num4 year coupl still hug
AZ209ZYWRSIUG,511,0,0,num4 year coupl still hug
A2NCIFVGIZESDF,500,0,0,test predict breast cancer relaps approv
A1757CYJKBGLV2,500,0,0,test predict breast cancer relaps approv
A2OY54JKHARPKS,500,0,0,test predict breast cancer relaps approv
A1ZGDXSHUPEQD9,500,0,0,test predict breast cancer relaps approv
A1Q5GERIWS0YJR,500,0,0,test predict breast cancer relaps approv
A3POYFULMTNW1H,500,0,0,test predict breast cancer relaps approv
ARQ4J4TLTPBNC,500,0,0,test predict breast cancer relaps approv
A15MN5MDG4D7Q9,500,0,0,test predict breast cancer relaps approv
AS51Z6DBWM9JM,500,0,0,test predict breast cancer relaps approv
AZ209ZYWRSIUG,500,0,0,test predict breast cancer relaps approv
A2NCIFVGIZESDF,510,0,18,sudan tell unit nation envoy leav num2 hour
A1757CYJKBGLV2,510,80,18,sudan tell unit nation envoy leav num2 hour
A2OY54JKHARPKS,510,0,18,sudan tell unit nation envoy leav num2 hour
A1ZGDXSHUPEQD9,510,20,18,sudan tell unit nation envoy leav num2 hour
A1Q5GERIWS0YJR,510,80,18,sudan tell unit nation envoy leav num2 hour
A3POYFULMTNW1H,510,80,18,sudan tell unit nation envoy leav num2 hour
ARQ4J4TLTPBNC,510,100,18,sudan tell unit nation envoy leav num2 hour
A15MN5MDG4D7Q9,510,50,18,sudan tell unit nation envoy leav num2 hour
AS51Z6DBWM9JM,510,40,18,sudan tell unit nation envoy leav num2 hour
AZ209ZYWRSIUG,510,80,18,sudan tell unit nation envoy leav num2 hour
A2NCIFVGIZESDF,509,30,34,diabet wait month eyeglass
A1757CYJKBGLV2,509,30,34,diabet wait month eyeglass
A2OY54JKHARPKS,509,20,34,diabet wait month eyeglass
A1ZGDXSHUPEQD9,509,10,34,diabet wait month eyeglass
A1Q5GERIWS0YJR,509,10,34,diabet wait month eyeglass
A3POYFULMTNW1H,509,0,34,diabet wait month eyeglass
ARQ4J4TLTPBNC,509,100,34,diabet wait month eyeglass
A15MN5MDG4D7Q9,509,50,34,diabet wait month eyeglass
AS51Z6DBWM9JM,509,54,34,diabet wait month eyeglass
AZ209ZYWRSIUG,509,100,34,diabet wait month eyeglass
A2NCIFVGIZESDF,519,0,0,male sweat boost women 's hormon level
A1757CYJKBGLV2,519,0,0,male sweat boost women 's hormon level
A2OY54JKHARPKS,519,0,0,male sweat boost women 's hormon level
A1ZGDXSHUPEQD9,519,0,0,male sweat boost women 's hormon level
A1Q5GERIWS0YJR,519,0,0,male sweat boost women 's hormon level
A3POYFULMTNW1H,519,0,0,male sweat boost women 's hormon level
ARQ4J4TLTPBNC,519,0,0,male sweat boost women 's hormon level
A15MN5MDG4D7Q9,519,0,0,male sweat boost women 's hormon level
AS51Z6DBWM9JM,519,0,0,male sweat boost women 's hormon level
AZ209ZYWRSIUG,519,0,0,male sweat boost women 's hormon level
A2NCIFVGIZESDF,508,50,11,lawmak seek ipod ban crosswalk new york
A1757CYJKBGLV2,508,100,11,lawmak seek ipod ban crosswalk new york
A2OY54JKHARPKS,508,0,11,lawmak seek ipod ban crosswalk new york
A1ZGDXSHUPEQD9,508,0,11,lawmak seek ipod ban crosswalk new york
A1Q5GERIWS0YJR,508,0,11,lawmak seek ipod ban crosswalk new york
A3POYFULMTNW1H,508,0,11,lawmak seek ipod ban crosswalk new york
ARQ4J4TLTPBNC,508,0,11,lawmak seek ipod ban crosswalk new york
A15MN5MDG4D7Q9,508,15,11,lawmak seek ipod ban crosswalk new york
AS51Z6DBWM9JM,508,0,11,lawmak seek ipod ban crosswalk new york
AZ209ZYWRSIUG,508,0,11,lawmak seek ipod ban crosswalk new york
A1AVJRFM6L0RN8,583,0,2,deadli bird flu confirm british turkey
ADAGUJNWMEPT6,583,5,2,deadli bird flu confirm british turkey
A1LY3NJTYW9TFF,583,0,2,deadli bird flu confirm british turkey
A14WWG6NKBDWGP,583,0,2,deadli bird flu confirm british turkey
A1VYRD3HO2WDUN,583,0,2,deadli bird flu confirm british turkey
A1XUURRBT9RYFW,583,0,2,deadli bird flu confirm british turkey
A1M0SEWUJYX9K0,583,10,2,deadli bird flu confirm british turkey
A2KBTYNGUFRB9N,583,60,2,deadli bird flu confirm british turkey
A3POYFULMTNW1H,583,0,2,deadli bird flu confirm british turkey
ARQ4J4TLTPBNC,583,0,2,deadli bird flu confirm british turkey
A1AVJRFM6L0RN8,595,65,27,russia plan major militari build-up
ADAGUJNWMEPT6,595,25,27,russia plan major militari build-up
A1LY3NJTYW9TFF,595,0,27,russia plan major militari build-up
A14WWG6NKBDWGP,595,50,27,russia plan major militari build-up
A1VYRD3HO2WDUN,595,20,27,russia plan major militari build-up
A1XUURRBT9RYFW,595,5,27,russia plan major militari build-up
A1M0SEWUJYX9K0,595,40,27,russia plan major militari build-up
A2KBTYNGUFRB9N,595,30,27,russia plan major militari build-up
A3POYFULMTNW1H,595,80,27,russia plan major militari build-up
ARQ4J4TLTPBNC,595,0,27,russia plan major militari build-up
